{
    "zero_reference_coords": [
        641.62890625,
        360.0
    ],
    "calibration_data": [
        [
            0.0,
            0.0
        ],
        [
            1.0,
            -1.15606689453125
        ],
        [
            2.0,
            -2.11944580078125
        ],
        [
            3.0,
            -3.36065673828125
        ],
        [
            4.0,
            -4.372314453125
        ],
        [
            5.0,
            -4.48822021484375
        ],
        [
            6.0,
            -6.71063232421875
        ],
        [
            7.0,
            -7.71087646484375
        ],
        [
            8.0,
            -8.9013671875
        ],
        [
            9.0,
            -9.908203125
        ],
        [
            10.0,
            -11.15802001953125
        ],
        [
            11.0,
            -12.19696044921875
        ],
        [
            12.0,
            -13.41204833984375
        ],
        [
            13.0,
            -14.4599609375
        ],
        [
            14.0,
            -15.67529296875
        ],
        [
            15.0,
            -16.6817626953125
        ],
        [
            16.0,
            -17.89111328125
        ],
        [
            17.0,
            -18.99224853515625
        ],
        [
            18.0,
            -20.10064697265625
        ],
        [
            19.0,
            -21.44000244140625
        ],
        [
            20.0,
            -22.64019775390625
        ],
        [
            21.0,
            -23.729248046875
        ],
        [
            22.0,
            -24.89398193359375
        ],
        [
            23.0,
            -26.0936279296875
        ],
        [
            24.0,
            -27.113525390625
        ],
        [
            25.0,
            -28.443603515625
        ],
        [
            26.0,
            -29.63153076171875
        ],
        [
            27.0,
            -30.7783203125
        ],
        [
            28.0,
            -32.09356689453125
        ],
        [
            29.0,
            -33.17108154296875
        ],
        [
            30.0,
            -34.44317626953125
        ],
        [
            31.0,
            -35.58807373046875
        ],
        [
            32.0,
            -36.84820556640625
        ],
        [
            33.0,
            -38.12127685546875
        ],
        [
            34.0,
            -39.4158935546875
        ],
        [
            35.0,
            -40.633544921875
        ],
        [
            36.0,
            -41.86602783203125
        ],
        [
            37.0,
            -43.14886474609375
        ],
        [
            38.0,
            -44.49774169921875
        ],
        [
            39.0,
            -45.708984375
        ],
        [
            40.0,
            -46.96612548828125
        ],
        [
            41.0,
            -48.1363525390625
        ],
        [
            42.0,
            -49.43408203125
        ],
        [
            43.0,
            -50.74639892578125
        ],
        [
            44.0,
            -51.97723388671875
        ],
        [
            45.0,
            -53.3785400390625
        ],
        [
            46.0,
            -54.80596923828125
        ],
        [
            47.0,
            -56.0416259765625
        ],
        [
            48.0,
            -57.269775390625
        ],
        [
            49.0,
            -58.6986083984375
        ],
        [
            50.0,
            -59.91546630859375
        ]
    ],
    "robot_initial_position": [
        30.0,
        410.0,
        343.112,
        180.0,
        0.0,
        0.0
    ],
    "polynomial": {
        "coefficients": [
            0.0,
            -0.916746283249196,
            -0.0013993878251615799
        ],
        "intercept": 0.06020529280283071,
        "degree": 2,
        "mse": 0.01931736725502649
    }
}